{
	"credit": "Made with Blockbench",
	"texture_size": [32, 32],
	"textures": {
		"0": "block/blahaj",
		"particle": "block/blahaj"
	},
	"elements": [
		{
			"name": "nose",
			"from": [14, 1, 6.25],
			"to": [15, 3, 9.75],
			"faces": {
				"north": {"uv": [9.5, 5, 10, 6], "texture": "#0"},
				"east": {"uv": [8, 5, 9.5, 6], "texture": "#0"},
				"south": {"uv": [11.5, 5, 12, 6], "texture": "#0"},
				"west": {"uv": [10, 5, 11.5, 6], "texture": "#0"},
				"up": {"uv": [10, 5, 9.5, 3.5], "texture": "#0"},
				"down": {"uv": [10.5, 3.5, 10, 5], "texture": "#0"}
			}
		},
		{
			"name": "body",
			"from": [7, 0, 6.25],
			"to": [14, 3, 9.75],
			"faces": {
				"north": {"uv": [1.5, 1.5, 5, 3], "texture": "#0"},
				"east": {"uv": [0, 1.5, 1.5, 3], "texture": "#0"},
				"south": {"uv": [6.5, 1.5, 10, 3], "texture": "#0"},
				"west": {"uv": [5, 1.5, 6.5, 3], "texture": "#0"},
				"up": {"uv": [5, 1.5, 1.5, 0], "texture": "#0"},
				"down": {"uv": [8.5, 0, 5, 1.5], "texture": "#0"}
			}
		},
		{
			"name": "tail1",
			"from": [5.25, 0.25, 6.5],
			"to": [7.25, 2.75, 9.5],
			"faces": {
				"north": {"uv": [1.5, 5, 2.5, 6], "texture": "#0"},
				"east": {"uv": [0, 5, 1.5, 6], "texture": "#0"},
				"south": {"uv": [4, 5, 5, 6], "texture": "#0"},
				"west": {"uv": [2.5, 5, 4, 6], "texture": "#0"},
				"up": {"uv": [2.5, 5, 1.5, 3.5], "texture": "#0"},
				"down": {"uv": [3.5, 3.5, 2.5, 5], "texture": "#0"}
			}
		},
		{
			"name": "finleft",
			"from": [1.7, -0.25, 8.5],
			"to": [3.45, 1, 12],
			"rotation": {"angle": 45, "axis": "y", "origin": [0, 0, 0]},
			"faces": {
				"north": {"uv": [1.5, 8, 2, 8.5], "rotation": 90, "texture": "#0"},
				"east": {"uv": [1.5, 8, 2, 6.5], "rotation": 90, "texture": "#0"},
				"south": {"uv": [3.5, 8, 4, 8.5], "rotation": 270, "texture": "#0"},
				"west": {"uv": [2, 6.5, 2.5, 8], "rotation": 270, "texture": "#0"},
				"up": {"uv": [1.5, 8.5, 0, 8], "rotation": 270, "texture": "#0"},
				"down": {"uv": [3.5, 8, 2, 8.5], "rotation": 270, "texture": "#0"}
			}
		},
		{
			"name": "finright",
			"from": [12.95, -0.25, -0.75],
			"to": [14.7, 1, 2.75],
			"rotation": {"angle": -45, "axis": "y", "origin": [0, 0, 0]},
			"faces": {
				"north": {"uv": [3.5, 8, 4, 8.5], "rotation": 90, "texture": "#0"},
				"east": {"uv": [1.5, 8, 2, 6.5], "rotation": 270, "texture": "#0"},
				"south": {"uv": [1.5, 8, 2, 8.5], "rotation": 270, "texture": "#0"},
				"west": {"uv": [2.5, 8, 2, 6.5], "rotation": 270, "texture": "#0"},
				"up": {"uv": [0, 8.5, 1.5, 8], "rotation": 270, "texture": "#0"},
				"down": {"uv": [2, 8, 3.5, 8.5], "rotation": 270, "texture": "#0"}
			}
		},
		{
			"name": "small fin",
			"from": [4.45, -2.75, 7.5],
			"to": [6.2, -1, 8.5],
			"rotation": {"angle": 45, "axis": "z", "origin": [0, 0, 0]},
			"faces": {
				"north": {"uv": [9.5, 0.5, 10, 1], "rotation": 90, "texture": "#0"},
				"east": {"uv": [9, 0.5, 9.5, 1], "rotation": 270, "texture": "#0"},
				"south": {"uv": [10.5, 0.5, 11, 1], "rotation": 270, "texture": "#0"},
				"west": {"uv": [10, 0.5, 10.5, 1], "rotation": 270, "texture": "#0"},
				"up": {"uv": [10, 0.5, 9.5, 0], "rotation": 270, "texture": "#0"},
				"down": {"uv": [10.5, 0, 10, 0.5], "rotation": 270, "texture": "#0"}
			}
		},
		{
			"name": "back fin",
			"from": [8.07659, 1.88408, 7.25],
			"to": [10.32659, 5.63408, 8.75],
			"rotation": {"angle": 45, "axis": "z", "origin": [9.45159, 3.50908, 8]},
			"faces": {
				"north": {"uv": [0, 10, 1, 11], "rotation": 90, "texture": "#0"},
				"east": {"uv": [2, 10.5, 3, 11], "rotation": 270, "texture": "#0"},
				"south": {"uv": [1, 10, 2, 11], "rotation": 270, "texture": "#0"},
				"west": {"uv": [2, 10, 3, 10.5], "rotation": 270, "texture": "#0"},
				"up": {"uv": [1, 10, 0.5, 9], "rotation": 270, "texture": "#0"},
				"down": {"uv": [2, 9.5, 1, 10], "rotation": 270, "texture": "#0"}
			}
		},
		{
			"name": "taildown",
			"from": [0.9231, 0.18566, 7.25],
			"to": [3.6731, 1.93566, 8.75],
			"rotation": {"angle": 45, "axis": "z", "origin": [2.2981, 1.06066, 8]},
			"faces": {
				"north": {"uv": [4.5, 4, 5.5, 4.5], "texture": "#0"},
				"east": {"uv": [4, 4, 4.5, 4.5], "texture": "#0"},
				"south": {"uv": [6, 4, 7, 4.5], "texture": "#0"},
				"west": {"uv": [5.5, 4, 6, 4.5], "texture": "#0"},
				"up": {"uv": [5.5, 4, 4.5, 3.5], "texture": "#0"},
				"down": {"uv": [6.5, 3.5, 5.5, 4], "texture": "#0"}
			}
		},
		{
			"name": "tailup",
			"from": [2.45, 0.5, 7.25],
			"to": [4.2, 3.75, 8.75],
			"rotation": {"angle": 22.5, "axis": "z", "origin": [0, 0, 0]},
			"faces": {
				"north": {"uv": [4, 9.5, 5, 10], "rotation": 90, "texture": "#0"},
				"east": {"uv": [4, 10.5, 5, 11], "rotation": 270, "texture": "#0"},
				"south": {"uv": [5, 10, 4, 10.5], "rotation": 270, "texture": "#0"},
				"west": {"uv": [4, 11, 5, 11.5], "rotation": 270, "texture": "#0"},
				"up": {"uv": [5.5, 11.5, 5, 11], "rotation": 270, "texture": "#0"},
				"down": {"uv": [5.5, 10.5, 5, 11], "rotation": 270, "texture": "#0"}
			}
		},
		{
			"name": "tail2",
			"from": [2.5, 0.5, 7],
			"to": [5.5, 2.5, 9],
			"faces": {
				"north": {"uv": [6.5, 8.5, 8, 9.5], "texture": "#0"},
				"east": {"uv": [5.5, 8.5, 6.5, 9.5], "texture": "#0"},
				"south": {"uv": [9, 8.5, 10.5, 9.5], "texture": "#0"},
				"west": {"uv": [8, 8.5, 9, 9.5], "texture": "#0"},
				"up": {"uv": [8, 8.5, 6.5, 7.5], "texture": "#0"},
				"down": {"uv": [9.5, 7.5, 8, 8.5], "texture": "#0"}
			}
		}
	],
	"display": {
		"thirdperson_righthand": {
			"rotation": [51, -90, 110],
			"translation": [0.75, 3, -5]
		},
		"thirdperson_lefthand": {
			"rotation": [-51, 90, 0],
			"translation": [0.25, 4.25, -2.75]
		},
		"firstperson_righthand": {
			"rotation": [-42, -100, -6],
			"translation": [-4.25, 7.75, -2.5]
		},
		"firstperson_lefthand": {
			"rotation": [-42, 71, 6],
			"translation": [-3, 8, -2.5]
		},
		"ground": {
			"translation": [0, 6, 0]
		},
		"gui": {
			"rotation": [22, -17, 40],
			"translation": [-3.5, 4.75, 0]
		},
		"head": {
			"rotation": [0, 90, 0],
			"translation": [0, 18.25, 0],
			"scale": [1.5, 1.5, 1.5]
		},
		"fixed": {
			"rotation": [0, 0, 45],
			"translation": [-5.5, 5, 0],
			"scale": [1.3, 1.3, 1.3]
		}
	},
	"groups": [
		{
			"name": "Shark",
			"origin": [0, 0, 0],
			"color": 0,
			"children": [0, 1, 2, 3, 4, 5, 6, 7, 8, 9]
		}
	]
}
