{
	"credit": "Made with Blockbench",
	"texture_size": [32, 32],
	"textures": {
		"0": "block/rat",
		"particle": "block/rat"
	},
	"elements": [
		{
			"from": [7, 0, 4],
			"to": [9, 2, 6],
			"rotation": {"angle": 0, "axis": "y", "origin": [7, 0, 6]},
			"faces": {
				"north": {"uv": [1, 5, 2, 6], "texture": "#0"},
				"east": {"uv": [0, 5, 1, 6], "texture": "#0"},
				"south": {"uv": [3, 5, 4, 6], "texture": "#0"},
				"west": {"uv": [2, 5, 3, 6], "texture": "#0"},
				"up": {"uv": [2, 5, 1, 4], "texture": "#0"},
				"down": {"uv": [3, 4, 2, 5], "texture": "#0"}
			}
		},
		{
			"from": [6.75, 0, 6],
			"to": [9.25, 2.5, 11],
			"rotation": {"angle": 0, "axis": "y", "origin": [6.5, 0, 6]},
			"faces": {
				"north": {"uv": [2.5, 2.5, 3.5, 3.5], "texture": "#0"},
				"east": {"uv": [0, 2.5, 2.5, 3.5], "texture": "#0"},
				"south": {"uv": [6, 2.5, 7, 3.5], "texture": "#0"},
				"west": {"uv": [3.5, 2.5, 6, 3.5], "texture": "#0"},
				"up": {"uv": [3.5, 2.5, 2.5, 0], "texture": "#0"},
				"down": {"uv": [4.5, 0, 3.5, 2.5], "texture": "#0"}
			}
		},
		{
			"from": [6.25, 1.5, 5.25],
			"to": [7.75, 2.75, 6.25],
			"rotation": {"angle": 0, "axis": "y", "origin": [5.75, 1.5, 4.25]},
			"faces": {
				"north": {"uv": [8.5, 7, 9, 7.5], "texture": "#0"},
				"east": {"uv": [8, 7, 8.5, 7.5], "texture": "#0"},
				"south": {"uv": [9.5, 7, 10, 7.5], "texture": "#0"},
				"west": {"uv": [9, 7, 9.5, 7.5], "texture": "#0"},
				"up": {"uv": [9, 7, 8.5, 6.5], "texture": "#0"},
				"down": {"uv": [9.5, 6.5, 9, 7], "texture": "#0"}
			}
		},
		{
			"from": [8.25, 1.5, 5.25],
			"to": [9.75, 2.75, 6.25],
			"rotation": {"angle": 0, "axis": "y", "origin": [7.75, 1.5, 4.25]},
			"faces": {
				"north": {"uv": [7.5, 8.5, 8, 9], "texture": "#0"},
				"east": {"uv": [7, 8.5, 7.5, 9], "texture": "#0"},
				"south": {"uv": [8.5, 8.5, 9, 9], "texture": "#0"},
				"west": {"uv": [8, 8.5, 8.5, 9], "texture": "#0"},
				"up": {"uv": [8, 8.5, 7.5, 8], "texture": "#0"},
				"down": {"uv": [8.5, 8, 8, 8.5], "texture": "#0"}
			}
		},
		{
			"from": [7.25, 0.25, 3.25],
			"to": [8.75, 1.5, 5.25],
			"rotation": {"angle": 0, "axis": "y", "origin": [7, -0.5, 3.25]},
			"faces": {
				"north": {"uv": [5.5, 5, 6, 5.5], "texture": "#0"},
				"east": {"uv": [4.5, 5, 5.5, 5.5], "texture": "#0"},
				"south": {"uv": [7, 5, 7.5, 5.5], "texture": "#0"},
				"west": {"uv": [6, 5, 7, 5.5], "texture": "#0"},
				"up": {"uv": [6, 5, 5.5, 4], "texture": "#0"},
				"down": {"uv": [6.5, 4, 6, 5], "texture": "#0"}
			}
		},
		{
			"from": [7.7, 0, 10.5],
			"to": [8.7, 1, 12.75],
			"rotation": {"angle": -22.5, "axis": "y", "origin": [7.7, 0, 10.5]},
			"faces": {
				"north": {"uv": [5.5, 7, 6, 7.5], "texture": "#0"},
				"east": {"uv": [4.5, 7, 5.5, 7.5], "texture": "#0"},
				"south": {"uv": [7, 7, 7.5, 7.5], "texture": "#0"},
				"west": {"uv": [6, 7, 7, 7.5], "texture": "#0"},
				"up": {"uv": [6, 7, 5.5, 6], "texture": "#0"},
				"down": {"uv": [6.5, 6, 6, 7], "texture": "#0"}
			}
		},
		{
			"from": [5.1, 0, 12.5],
			"to": [7.6, 1, 13.5],
			"rotation": {"angle": 22.5, "axis": "y", "origin": [6.35, 0.25, 12.75]},
			"faces": {
				"north": {"uv": [9.5, 2.5, 10.5, 3], "texture": "#0"},
				"east": {"uv": [7.5, 2.5, 8, 3], "texture": "#0"},
				"south": {"uv": [8, 2, 9, 2.5], "texture": "#0"},
				"west": {"uv": [9, 2.5, 9.5, 3], "texture": "#0"},
				"up": {"uv": [10, 2.5, 9, 2], "texture": "#0"},
				"down": {"uv": [9, 2.5, 8, 3], "texture": "#0"}
			}
		},
		{
			"from": [3.6, 0, 12.5],
			"to": [5.85, 1, 13.5],
			"rotation": {"angle": -22.5, "axis": "y", "origin": [4.6, 0.25, 12.75]},
			"faces": {
				"north": {"uv": [4, 8.5, 5, 9], "texture": "#0"},
				"east": {"uv": [3.5, 8.5, 4, 9], "texture": "#0"},
				"south": {"uv": [5.5, 8.5, 6.5, 9], "texture": "#0"},
				"west": {"uv": [5, 8.5, 5.5, 9], "texture": "#0"},
				"up": {"uv": [5, 8.5, 4, 8], "texture": "#0"},
				"down": {"uv": [6, 8, 5, 8.5], "texture": "#0"}
			}
		},
		{
			"from": [4.75, 0, 4.25],
			"to": [6.75, 1, 5.25],
			"rotation": {"angle": -45, "axis": "y", "origin": [4.75, 0, 6.25]},
			"faces": {
				"north": {"uv": [9.5, 4, 10.5, 3.5], "texture": "#0"},
				"east": {"uv": [8, 4, 8.5, 4.5], "texture": "#0"},
				"south": {"uv": [9.5, 4, 10.5, 4.5], "texture": "#0"},
				"west": {"uv": [10.5, 4, 11, 4.5], "texture": "#0"},
				"up": {"uv": [9.5, 4, 8.5, 3.5], "texture": "#0"},
				"down": {"uv": [9.5, 4, 8.5, 4.5], "texture": "#0"}
			}
		},
		{
			"from": [6, 0, 9.5],
			"to": [7, 1, 11.5],
			"rotation": {"angle": 22.5, "axis": "y", "origin": [5, 0, 9.5]},
			"faces": {
				"north": {"uv": [1, 7.5, 1.5, 8], "texture": "#0"},
				"east": {"uv": [0, 7.5, 1, 8], "texture": "#0"},
				"south": {"uv": [2.5, 7.5, 3, 8], "texture": "#0"},
				"west": {"uv": [1.5, 7.5, 2.5, 8], "texture": "#0"},
				"up": {"uv": [1.5, 7.5, 1, 6.5], "texture": "#0"},
				"down": {"uv": [2, 6.5, 1.5, 7.5], "texture": "#0"}
			}
		},
		{
			"from": [10, 0, 5.5],
			"to": [12, 1, 6.5],
			"rotation": {"angle": 45, "axis": "y", "origin": [10, 0, 7.5]},
			"faces": {
				"north": {"uv": [9.5, 4, 8.5, 4.5], "texture": "#0"},
				"east": {"uv": [8, 4, 8.5, 4.5], "texture": "#0"},
				"south": {"uv": [8.5, 3.5, 9.5, 4], "texture": "#0"},
				"west": {"uv": [10.5, 4, 11, 4.5], "texture": "#0"},
				"up": {"uv": [9.5, 4, 10.5, 3.5], "texture": "#0"},
				"down": {"uv": [10.5, 4.5, 9.5, 4], "texture": "#0"}
			}
		},
		{
			"from": [9.25, 0, 8.35],
			"to": [10.25, 1, 10.35],
			"rotation": {"angle": -22.5, "axis": "y", "origin": [8.25, 0, 8.35]},
			"faces": {
				"north": {"uv": [8.5, 1, 9, 1.5], "texture": "#0"},
				"east": {"uv": [7.5, 1, 8.5, 1.5], "texture": "#0"},
				"south": {"uv": [10, 1, 10.5, 1.5], "texture": "#0"},
				"west": {"uv": [9, 1, 10, 1.5], "texture": "#0"},
				"up": {"uv": [9, 1, 8.5, 0], "texture": "#0"},
				"down": {"uv": [9.5, 0, 9, 1], "texture": "#0"}
			}
		}
	],
	"display": {
		"thirdperson_righthand": {
			"rotation": [-12, 0, 0],
			"translation": [0, 6.75, -0.25]
		},
		"thirdperson_lefthand": {
			"rotation": [-12, 0, 0],
			"translation": [0, 6.75, -0.25]
		},
		"firstperson_righthand": {
			"rotation": [-32, 137, 0],
			"translation": [-2.5, 8.25, -1.5]
		},
		"firstperson_lefthand": {
			"rotation": [-32, 137, 0],
			"translation": [-2.5, 8.25, -1.5]
		},
		"ground": {
			"translation": [0, 5.75, 0]
		},
		"gui": {
			"rotation": [45, -123, 0],
			"translation": [0, 7.5, 0],
			"scale": [1.74, 1.74, 1.74]
		},
		"head": {
			"translation": [0, 14.25, 0]
		},
		"fixed": {
			"rotation": [-90, 0, 0],
			"translation": [0, 0, -15.75],
			"scale": [2, 2, 2]
		}
	}
}