{
  "type": "minecraft:crafting_shaped",
  "category": "misc",
  "pattern": [
    " a ",
    "aaa",
    "bc "
  ],
  "key": {
    "a": "minecraft:light_blue_wool",
    "b": "minecraft:pink_dye",
    "c": "minecraft:white_wool"
  },
  "result": {
    "id": "minecraft:feather",
    "count": 1,
    "components": {
      "minecraft:item_name": "Blåhaj",
      "minecraft:custom_model_data": {strings:["blahaj"]},
      "minecraft:custom_data": {
        "haj": true
      },
      "minecraft:lore": [
        '{"color":"#76d1ff","italic":false,"text":"A friend straight from IKEA!"}'
      ],
      "minecraft:equippable": {
        "slot": "head",
        "equip_sound": "minecraft:block.wool.step",
        "swappable": true
      }
    }
  }
}
