{
    "criteria": {
        "requirement": {
            "trigger": "minecraft:item_used_on_block",
            "conditions": {
                "player": [
                    {
                        "condition": "minecraft:entity_properties",
                        "entity": "this",
                        "predicate": {
                            "equipment": {
                                "mainhand": {
                                    "components": {
                                        "minecraft:custom_data": {
                                            "haj": true
                                        }
                                    }
                                }
                            }
                        }
                    }
                ]
            }
        }
    },
    "rewards": {
        "function": "blahaj:event.place"
    }
}